-- 
-- 表的结构 `mc_action`
-- 
CREATE TABLE `mc_action` (
  `id` bigint(20) unsigned NOT NULL AUTO_INCREMENT,
  `page_id` bigint(20) unsigned DEFAULT NULL,
  `user_id` bigint(20) unsigned DEFAULT NULL,
  `action_key` varchar(20) DEFAULT NULL,
  `action_value` varchar(255) DEFAULT NULL,
  `date` int(11) DEFAULT NULL,
  PRIMARY KEY (`id`)
) ENGINE=MyISAM AUTO_INCREMENT=16 DEFAULT CHARSET=utf8;
-- 
-- 导出表中的数据 `mc_action`
--
INSERT INTO `mc_action` VALUES ('1','10','1','cart','2','1406433505');
INSERT INTO `mc_action` VALUES ('2','1','1','coins','3','1406432930');
INSERT INTO `mc_action` VALUES ('3','1','1','address_pending','<h4>独步清风</h4><p>山西省，忻州市，定襄县</p><p>14111111111</p>','1406433505');
INSERT INTO `mc_action` VALUES ('4','1','1','trade_pending','1201407271158251949','1406433505');
INSERT INTO `mc_action` VALUES ('5','13','1','perform','shoucang','1406433834');
INSERT INTO `mc_action` VALUES ('6','11','3','cart','1','1406433982');
INSERT INTO `mc_action` VALUES ('7','3','3','address_pending','<h4>独步清风</h4><p>河北省，唐山市，山西农业大学</p><p>14111111111</p>','1406433982');
INSERT INTO `mc_action` VALUES ('8','3','3','trade_pending','3201407271206222134','1406433982');
INSERT INTO `mc_action` VALUES ('9','13','3','perform','xihuan','1406434011');
INSERT INTO `mc_action` VALUES ('10','13','3','comment','同步怎么使用？','1406434023');
INSERT INTO `mc_action` VALUES ('11','11','1','perform','xihuan','1406704162');
INSERT INTO `mc_action` VALUES ('12','11','1','perform','shoucang','1406704163');
INSERT INTO `mc_action` VALUES ('13','11','1','cart','1','1406704178');
INSERT INTO `mc_action` VALUES ('14','10','1','perform','xihuan','1406704193');
INSERT INTO `mc_action` VALUES ('15','10','1','perform','shoucang','1406704194');
-- 
-- 表的结构 `mc_attached`
-- 
CREATE TABLE `mc_attached` (
  `id` bigint(20) unsigned NOT NULL AUTO_INCREMENT,
  `src` varchar(255) DEFAULT NULL,
  `type` varchar(20) DEFAULT NULL,
  PRIMARY KEY (`id`)
) ENGINE=MyISAM AUTO_INCREMENT=11 DEFAULT CHARSET=utf8;
-- 
-- 导出表中的数据 `mc_attached`
--
INSERT INTO `mc_attached` VALUES ('1','Public/jpg/20140727/20140727114521_35642.jpg','jpg');
INSERT INTO `mc_attached` VALUES ('2','Public/jpg/20140727/20140727114538_76522.jpg','jpg');
INSERT INTO `mc_attached` VALUES ('3','Public/jpg/20140727/20140727115022_60144.jpg','jpg');
INSERT INTO `mc_attached` VALUES ('4','Public/jpg/20140727/20140727115030_51984.jpg','jpg');
INSERT INTO `mc_attached` VALUES ('5','Public/jpg/20140727/20140727115039_21752.jpg','jpg');
INSERT INTO `mc_attached` VALUES ('6','Public/jpg/20140727/20140727115336_32881.jpg','jpg');
INSERT INTO `mc_attached` VALUES ('7','Public/jpg/20140727/20140727115347_81301.jpg','jpg');
INSERT INTO `mc_attached` VALUES ('8','Public/jpg/20140731/20140731082452_71048.jpg','jpg');
INSERT INTO `mc_attached` VALUES ('9','Public/jpg/20140731/20140731082952_90200.jpg','jpg');
INSERT INTO `mc_attached` VALUES ('10','Public/jpg/20140731/20140731083003_33227.jpg','jpg');
-- 
-- 表的结构 `mc_meta`
-- 
CREATE TABLE `mc_meta` (
  `id` bigint(20) unsigned NOT NULL AUTO_INCREMENT,
  `page_id` bigint(20) unsigned DEFAULT NULL,
  `meta_key` varchar(20) DEFAULT NULL,
  `meta_value` varchar(255) DEFAULT NULL,
  `type` varchar(20) DEFAULT NULL,
  PRIMARY KEY (`id`)
) ENGINE=MyISAM AUTO_INCREMENT=64 DEFAULT CHARSET=utf8;
-- 
-- 导出表中的数据 `mc_meta`
--
INSERT INTO `mc_meta` VALUES ('1','1','user_name','admin','user');
INSERT INTO `mc_meta` VALUES ('2','1','user_pass','44b333fb1986f136a2a9f6800dc7374a','user');
INSERT INTO `mc_meta` VALUES ('3','1','user_email','1135326346@qq.com','user');
INSERT INTO `mc_meta` VALUES ('4','1','user_level','10','user');
INSERT INTO `mc_meta` VALUES ('46','16','user_email','1135326346@qq.com','user');
INSERT INTO `mc_meta` VALUES ('45','16','user_pass','67f868eeb7e0012f7f4615b9ee60da70','user');
INSERT INTO `mc_meta` VALUES ('9','3','user_name','qingfeng','user');
INSERT INTO `mc_meta` VALUES ('10','3','user_pass','67f868eeb7e0012f7f4615b9ee60da70','user');
INSERT INTO `mc_meta` VALUES ('11','3','user_email','admin@qq.com','user');
INSERT INTO `mc_meta` VALUES ('12','3','user_level','1','user');
INSERT INTO `mc_meta` VALUES ('13','10','term','9','basic');
INSERT INTO `mc_meta` VALUES ('14','10','fmimg','/mao10cms/Public/jpg/20140727/20140727114538_76522.jpg','basic');
INSERT INTO `mc_meta` VALUES ('15','10','fmimg','/mao10cms/Public/jpg/20140727/20140727114521_35642.jpg','basic');
INSERT INTO `mc_meta` VALUES ('16','10','price','3.52','basic');
INSERT INTO `mc_meta` VALUES ('17','10','author','1','basic');
INSERT INTO `mc_meta` VALUES ('18','10','views','7','basic');
INSERT INTO `mc_meta` VALUES ('19','1','coins','3','user');
INSERT INTO `mc_meta` VALUES ('20','11','term','5','basic');
INSERT INTO `mc_meta` VALUES ('21','11','fmimg','/mao10cms/Public/jpg/20140727/20140727115347_81301.jpg','basic');
INSERT INTO `mc_meta` VALUES ('22','11','fmimg','/mao10cms/Public/jpg/20140727/20140727115336_32881.jpg','basic');
INSERT INTO `mc_meta` VALUES ('23','11','price','1999','basic');
INSERT INTO `mc_meta` VALUES ('24','11','author','1','basic');
INSERT INTO `mc_meta` VALUES ('25','11','views','18','basic');
INSERT INTO `mc_meta` VALUES ('26','12','author','1','basic');
INSERT INTO `mc_meta` VALUES ('27','1','group_admin','12','user');
INSERT INTO `mc_meta` VALUES ('28','13','author','1','basic');
INSERT INTO `mc_meta` VALUES ('29','13','group','12','basic');
INSERT INTO `mc_meta` VALUES ('30','13','views','6','basic');
INSERT INTO `mc_meta` VALUES ('51','17','user_level','1','user');
INSERT INTO `mc_meta` VALUES ('50','17','user_email','1135326346@qq.com','user');
INSERT INTO `mc_meta` VALUES ('49','17','user_pass','67f868eeb7e0012f7f4615b9ee60da70','user');
INSERT INTO `mc_meta` VALUES ('48','17','user_name','qingfeng','user');
INSERT INTO `mc_meta` VALUES ('47','16','user_level','1','user');
INSERT INTO `mc_meta` VALUES ('39','1','views','5','basic');
INSERT INTO `mc_meta` VALUES ('44','16','user_name','qingfeng','user');
INSERT INTO `mc_meta` VALUES ('41','4','views','1','basic');
INSERT INTO `mc_meta` VALUES ('42','25','views','1','basic');
INSERT INTO `mc_meta` VALUES ('43','58','views','1','basic');
INSERT INTO `mc_meta` VALUES ('56','1','user_avatar','/mao10cms/Public/jpg/20140731/20140731082452_71048.jpg','user');
INSERT INTO `mc_meta` VALUES ('57','19','term','7','basic');
INSERT INTO `mc_meta` VALUES ('58','19','fmimg','/mao10cms/Public/jpg/20140731/20140731083003_33227.jpg','basic');
INSERT INTO `mc_meta` VALUES ('59','19','fmimg','/mao10cms/Public/jpg/20140731/20140731082952_90200.jpg','basic');
INSERT INTO `mc_meta` VALUES ('60','19','price','2999','basic');
INSERT INTO `mc_meta` VALUES ('61','19','local','','basic');
INSERT INTO `mc_meta` VALUES ('62','19','author','1','basic');
INSERT INTO `mc_meta` VALUES ('63','19','views','4','basic');
-- 
-- 表的结构 `mc_option`
-- 
CREATE TABLE `mc_option` (
  `id` bigint(20) unsigned NOT NULL AUTO_INCREMENT,
  `meta_key` varchar(20) DEFAULT NULL,
  `meta_value` varchar(255) DEFAULT NULL,
  `type` varchar(20) DEFAULT NULL,
  PRIMARY KEY (`id`)
) ENGINE=MyISAM AUTO_INCREMENT=53 DEFAULT CHARSET=utf8;
-- 
-- 导出表中的数据 `mc_option`
--
INSERT INTO `mc_option` VALUES ('38','site_url','http://127.0.0.1/mao10cms','public');
INSERT INTO `mc_option` VALUES ('37','site_name','Mao10CMS','public');
INSERT INTO `mc_option` VALUES ('3','site_key','1137531092','public');
INSERT INTO `mc_option` VALUES ('4','theme','default','public');
INSERT INTO `mc_option` VALUES ('52','page_size','10','public');
INSERT INTO `mc_option` VALUES ('31','home_title','','public');
INSERT INTO `mc_option` VALUES ('32','home_keywords','','public');
INSERT INTO `mc_option` VALUES ('33','home_description','','public');
INSERT INTO `mc_option` VALUES ('34','pro_close','0','public');
INSERT INTO `mc_option` VALUES ('35','baobei_close','1','public');
INSERT INTO `mc_option` VALUES ('36','group_close','0','public');
INSERT INTO `mc_option` VALUES ('39','alipay2_seller','','public');
INSERT INTO `mc_option` VALUES ('40','alipay2_partner','','public');
INSERT INTO `mc_option` VALUES ('41','alipay2_key','','public');
INSERT INTO `mc_option` VALUES ('42','stmp_from','fanheotest@163.com','public');
INSERT INTO `mc_option` VALUES ('43','stmp_name','饭盒网','public');
INSERT INTO `mc_option` VALUES ('44','stmp_host','smtp.163.com','public');
INSERT INTO `mc_option` VALUES ('45','stmp_port','465','public');
INSERT INTO `mc_option` VALUES ('46','stmp_username','fanheotest@163.com','public');
INSERT INTO `mc_option` VALUES ('47','stmp_password','testfanheo 	','public');
INSERT INTO `mc_option` VALUES ('23','homehdimg1','/mao10cms/Public/jpg/20140727/20140727115022_60144.jpg','public');
INSERT INTO `mc_option` VALUES ('24','homehdimg2','/mao10cms/Public/jpg/20140727/20140727115030_51984.jpg','public');
INSERT INTO `mc_option` VALUES ('25','homehdimg3','/mao10cms/Public/jpg/20140727/20140727115039_21752.jpg','public');
INSERT INTO `mc_option` VALUES ('48','homehdlnk1','','public');
INSERT INTO `mc_option` VALUES ('49','homehdlnk2','','public');
INSERT INTO `mc_option` VALUES ('50','homehdlnk3','','public');
INSERT INTO `mc_option` VALUES ('51','sidebar','','public');
-- 
-- 表的结构 `mc_page`
-- 
CREATE TABLE `mc_page` (
  `id` bigint(20) unsigned NOT NULL AUTO_INCREMENT,
  `title` text,
  `content` longtext,
  `type` varchar(20) DEFAULT NULL,
  `date` int(11) DEFAULT NULL,
  PRIMARY KEY (`id`)
) ENGINE=MyISAM AUTO_INCREMENT=20 DEFAULT CHARSET=utf8;
-- 
-- 导出表中的数据 `mc_page`
--
INSERT INTO `mc_page` VALUES ('1','admin','','user','1406707804');
INSERT INTO `mc_page` VALUES ('16','qingfeng','','user','1406722530');
INSERT INTO `mc_page` VALUES ('3','qingfeng','','user','1406432449');
INSERT INTO `mc_page` VALUES ('4','编程语言',NULL,'term_baobei','1406432585');
INSERT INTO `mc_page` VALUES ('5','小米',NULL,'term_pro','1406432629');
INSERT INTO `mc_page` VALUES ('6','华为',NULL,'term_pro','1406432637');
INSERT INTO `mc_page` VALUES ('7','苹果',NULL,'term_pro','1406432646');
INSERT INTO `mc_page` VALUES ('8','佳域',NULL,'term_pro','1406432664');
INSERT INTO `mc_page` VALUES ('9','htc',NULL,'term_pro','1406432674');
INSERT INTO `mc_page` VALUES ('10','HTC ONE 惊艳登场','<table class=\"table-view log-set-param\" width=\"658\">\r\n	<tbody>\r\n		<tr>\r\n			<th colspan=\"2\">\r\n				基本参数\r\n			</th>\r\n		</tr>\r\n		<tr>\r\n			<td align=\"center\" valign=\"middle\" width=\"139\">\r\n				发布日期\r\n			</td>\r\n			<td align=\"center\" valign=\"middle\" width=\"518\">\r\n				2013年2月19日\r\n			</td>\r\n		</tr>\r\n		<tr>\r\n			<td align=\"center\" valign=\"middle\" width=\"139\">\r\n				重量\r\n			</td>\r\n			<td align=\"center\" valign=\"middle\" width=\"518\">\r\n				143g\r\n			</td>\r\n		</tr>\r\n		<tr>\r\n			<td align=\"center\" valign=\"middle\" width=\"139\">\r\n				尺寸\r\n			</td>\r\n			<td align=\"center\" valign=\"middle\" width=\"518\">\r\n				137.8 x 69.3 x 9.3 mm（最薄处仅4mm）\r\n			</td>\r\n		</tr>\r\n		<tr>\r\n			<td align=\"center\" valign=\"middle\" width=\"139\">\r\n				操作系统\r\n			</td>\r\n			<td align=\"center\" valign=\"middle\" width=\"518\">\r\n				Android 4.1.2和HTC Sense 5.0界面\r\n			</td>\r\n		</tr>\r\n		<tr>\r\n			<td align=\"center\" valign=\"middle\" width=\"139\">\r\n				颜色\r\n			</td>\r\n			<td align=\"center\" valign=\"middle\" width=\"518\">\r\n				冰川银、极地黑、极光蓝、夜魅红、瑰丽金\r\n			</td>\r\n		</tr>\r\n		<tr>\r\n			<th colspan=\"2\" align=\"center\" valign=\"middle\">\r\n				硬件参数\r\n			</th>\r\n		</tr>\r\n		<tr>\r\n			<td align=\"center\" valign=\"middle\" width=\"139\">\r\n				CPU\r\n			</td>\r\n			<td align=\"center\" valign=\"middle\" width=\"518\">\r\n				高通骁龙600 1.7GHz 四核心（APQ8064T）\r\n			</td>\r\n		</tr>\r\n		<tr>\r\n			<td align=\"center\" valign=\"middle\" width=\"139\">\r\n				GPU\r\n			</td>\r\n			<td align=\"center\" valign=\"middle\" width=\"518\">\r\n				Adreno 320\r\n			</td>\r\n		</tr>\r\n		<tr>\r\n			<td align=\"center\" valign=\"middle\" width=\"139\">\r\n				RAM\r\n			</td>\r\n			<td align=\"center\" valign=\"middle\" width=\"518\">\r\n				2 GB DDR2\r\n			</td>\r\n		</tr>\r\n		<tr>\r\n			<td align=\"center\" valign=\"middle\" width=\"139\">\r\n				电池\r\n			</td>\r\n			<td align=\"center\" valign=\"middle\" width=\"518\">\r\n				2，300 mAh\r\n			</td>\r\n		</tr>\r\n		<tr>\r\n			<td align=\"center\" valign=\"middle\" width=\"139\">\r\n				屏幕\r\n			</td>\r\n			<td align=\"center\" valign=\"middle\" width=\"518\">\r\n				<div class=\"para\">\r\n					4.7寸1920×1080屏幕（468ppi）\r\n				</div>\r\n				<div class=\"para\">\r\n					康宁大猩猩2玻璃\r\n				</div>\r\n			</td>\r\n		</tr>\r\n		<tr>\r\n			<th colspan=\"2\" align=\"center\" valign=\"middle\">\r\n				影音娱乐\r\n			</th>\r\n		</tr>\r\n		<tr>\r\n			<td rowspan=\"2\" align=\"center\" height=\"0\" valign=\"middle\" width=\"139\">\r\n				摄像头\r\n			</td>\r\n			<td align=\"center\" valign=\"middle\" width=\"518\">\r\n				408万像素 UltraPixel 后置相机\r\n			</td>\r\n		</tr>\r\n		<tr>\r\n			<td align=\"center\" valign=\"middle\" width=\"518\">\r\n				210万像素前置相机\r\n			</td>\r\n		</tr>\r\n		<tr>\r\n			<td align=\"center\" valign=\"middle\" width=\"139\">\r\n				音效\r\n			</td>\r\n			<td align=\"center\" valign=\"middle\" width=\"518\">\r\n				Beats Audio音效boomsound音效\r\n			</td>\r\n		</tr>\r\n		<tr>\r\n			<th colspan=\"2\" align=\"center\" valign=\"middle\">\r\n				数据传输\r\n			</th>\r\n		</tr>\r\n		<tr>\r\n			<td align=\"center\" valign=\"middle\" width=\"139\">\r\n				数据接口\r\n			</td>\r\n			<td align=\"center\" valign=\"middle\" width=\"518\">\r\n				Micro USB 2.0\r\n			</td>\r\n		</tr>\r\n		<tr>\r\n			<td align=\"center\" valign=\"middle\" width=\"139\">\r\n				耳机接口\r\n			</td>\r\n			<td align=\"center\" valign=\"middle\" width=\"518\">\r\n				3.5mm\r\n			</td>\r\n		</tr>\r\n		<tr>\r\n			<td align=\"center\" valign=\"middle\" width=\"139\">\r\n				无线传输\r\n			</td>\r\n			<td align=\"center\" valign=\"middle\" width=\"518\">\r\n				<div class=\"para\">\r\n					蓝牙4.0\r\n				</div>\r\n				<div class=\"para\">\r\n					Wi-Fi 802.11 a/ac/b/g/n\r\n				</div>\r\n				<div class=\"para\">\r\n					NFC\r\n				</div>\r\n			</td>\r\n		</tr>\r\n	</tbody>\r\n</table>','pro','1406432818');
INSERT INTO `mc_page` VALUES ('11','小米4震撼上市','<table style=\"width:629px;background-color:#a2c7e1;\" class=\"ke-zeroborder\" cellpadding=\"0\" cellspacing=\"1\" align=\"center\" border=\"0\">\r\n	<tbody>\r\n		<tr>\r\n			<td colspan=\"2\" style=\"background-color:#e1e9ff;font-size:12px;\" align=\"center\" height=\"30\">\r\n				小米 M3（Mi3/<a href=\"http://mall.163.com/mobile/fill.html\">移动</a>版）\r\n			</td>\r\n		</tr>\r\n		<tr>\r\n			<td style=\"font-size:12px;font-family:verdana;\" align=\"center\" bgcolor=\"#F7F9FF\" width=\"30%\">\r\n				曝光日期\r\n			</td>\r\n			<td id=\"td_padding_left param_2093\" style=\"background-color:white;font-size:12px;font-family:verdana;\">\r\n				2013年09月\r\n			</td>\r\n		</tr>\r\n		<tr>\r\n			<td style=\"font-size:12px;font-family:verdana;\" align=\"center\" bgcolor=\"#F7F9FF\" width=\"30%\">\r\n				手机类型\r\n			</td>\r\n			<td id=\"td_padding_left param_5091\" style=\"background-color:white;font-size:12px;font-family:verdana;\">\r\n				3G手机，智能手机，拍照手机，平板手机\r\n			</td>\r\n		</tr>\r\n		<tr>\r\n			<td style=\"font-size:12px;font-family:verdana;\" align=\"center\" bgcolor=\"#F7F9FF\" width=\"30%\">\r\n				运营商定制\r\n			</td>\r\n			<td id=\"td_padding_left param_16776\" style=\"background-color:white;font-size:12px;font-family:verdana;\">\r\n				中国移动\r\n			</td>\r\n		</tr>\r\n		<tr>\r\n			<td style=\"font-size:12px;font-family:verdana;\" align=\"center\" bgcolor=\"#F7F9FF\" width=\"30%\">\r\n				触摸屏类型\r\n			</td>\r\n			<td id=\"td_padding_left param_9692\" style=\"background-color:white;font-size:12px;font-family:verdana;\">\r\n				电容屏，多点触控\r\n			</td>\r\n		</tr>\r\n		<tr>\r\n			<td style=\"font-size:12px;font-family:verdana;\" align=\"center\" bgcolor=\"#F7F9FF\" width=\"30%\">\r\n				主屏尺寸\r\n			</td>\r\n			<td id=\"td_padding_left param_9694\" style=\"background-color:white;font-size:12px;font-family:verdana;\">\r\n				5英寸\r\n			</td>\r\n		</tr>\r\n		<tr>\r\n			<td style=\"font-size:12px;font-family:verdana;\" align=\"center\" bgcolor=\"#F7F9FF\" width=\"30%\">\r\n				主屏材质\r\n			</td>\r\n			<td id=\"td_padding_left param_3640\" style=\"background-color:white;font-size:12px;font-family:verdana;\">\r\n				IPS\r\n			</td>\r\n		</tr>\r\n		<tr>\r\n			<td style=\"font-size:12px;font-family:verdana;\" align=\"center\" bgcolor=\"#F7F9FF\" width=\"30%\">\r\n				主屏分辨率\r\n			</td>\r\n			<td id=\"td_padding_left param_726\" style=\"background-color:white;font-size:12px;font-family:verdana;\">\r\n				1920x1080像素\r\n			</td>\r\n		</tr>\r\n		<tr>\r\n			<td style=\"font-size:12px;font-family:verdana;\" align=\"center\" bgcolor=\"#F7F9FF\" width=\"30%\">\r\n				屏幕像素密度\r\n			</td>\r\n			<td id=\"td_padding_left param_16680\" style=\"background-color:white;font-size:12px;font-family:verdana;\">\r\n				441ppi\r\n			</td>\r\n		</tr>\r\n		<tr>\r\n			<td style=\"font-size:12px;font-family:verdana;\" align=\"center\" bgcolor=\"#F7F9FF\" width=\"30%\">\r\n				屏幕技术\r\n			</td>\r\n			<td id=\"td_padding_left param_16895\" style=\"background-color:white;font-size:12px;font-family:verdana;\">\r\n				超灵敏触摸，OGS全贴合技术\r\n			</td>\r\n		</tr>\r\n		<tr>\r\n			<td style=\"font-size:12px;font-family:verdana;\" align=\"center\" bgcolor=\"#F7F9FF\" width=\"30%\">\r\n				窄边框\r\n			</td>\r\n			<td id=\"td_padding_left param_16927\" style=\"background-color:white;font-size:12px;font-family:verdana;\">\r\n				5.67mm\r\n			</td>\r\n		</tr>\r\n		<tr>\r\n			<td style=\"font-size:12px;font-family:verdana;\" align=\"center\" bgcolor=\"#F7F9FF\" width=\"30%\">\r\n				屏幕占比\r\n			</td>\r\n			<td id=\"td_padding_left param_16975\" style=\"background-color:white;font-size:12px;font-family:verdana;\">\r\n				65.02%\r\n			</td>\r\n		</tr>\r\n		<tr>\r\n			<td style=\"font-size:12px;font-family:verdana;\" align=\"center\" bgcolor=\"#F7F9FF\" width=\"30%\">\r\n				3G网络\r\n			</td>\r\n			<td id=\"td_padding_left param_723\" style=\"background-color:white;font-size:12px;font-family:verdana;\">\r\n				移动3G（TD-<a href=\"http://m.163.com/iphone/software/2vd1o2.html\" target=\"_blank\">SC</a>DMA），联通2G/移动2G（GSM）\r\n			</td>\r\n		</tr>\r\n		<tr>\r\n			<td style=\"font-size:12px;font-family:verdana;\" align=\"center\" bgcolor=\"#F7F9FF\" width=\"30%\">\r\n				支持频段\r\n			</td>\r\n			<td id=\"td_padding_left param_724\" style=\"background-color:white;font-size:12px;font-family:verdana;\">\r\n				2G：GSM 850/900/1800/1900<br />\r\n3G：TD-SCDMA 1880-1920/2010-2025MHz\r\n			</td>\r\n		</tr>\r\n		<tr>\r\n			<td style=\"font-size:12px;font-family:verdana;\" align=\"center\" bgcolor=\"#F7F9FF\" width=\"30%\">\r\n				WLAN功能\r\n			</td>\r\n			<td id=\"td_padding_left param_4234\" style=\"background-color:white;font-size:12px;font-family:verdana;\">\r\n				双频WIFI，IEEE 802.11 n/b/g/ac\r\n			</td>\r\n		</tr>\r\n		<tr>\r\n			<td style=\"font-size:12px;font-family:verdana;\" align=\"center\" bgcolor=\"#F7F9FF\" width=\"30%\">\r\n				导航\r\n			</td>\r\n			<td id=\"td_padding_left param_4239\" style=\"background-color:white;font-size:12px;font-family:verdana;\">\r\n				GPS导航，A-GPS技术，GLONASS导航\r\n			</td>\r\n		</tr>\r\n		<tr>\r\n			<td style=\"font-size:12px;font-family:verdana;\" align=\"center\" bgcolor=\"#F7F9FF\" width=\"30%\">\r\n				连接与共享\r\n			</td>\r\n			<td id=\"td_padding_left param_16896\" style=\"background-color:white;font-size:12px;font-family:verdana;\">\r\n				NFC，OTG，DLNA，WLAN热点，蓝牙4.0\r\n			</td>\r\n		</tr>\r\n		<tr>\r\n			<td style=\"font-size:12px;font-family:verdana;\" align=\"center\" bgcolor=\"#F7F9FF\" width=\"30%\">\r\n				操作系统\r\n			</td>\r\n			<td id=\"td_padding_left param_3286\" style=\"background-color:white;font-size:12px;font-family:verdana;\">\r\n				MIUI V5（基于Android OS 4.2）\r\n			</td>\r\n		</tr>\r\n		<tr>\r\n			<td style=\"font-size:12px;font-family:verdana;\" align=\"center\" bgcolor=\"#F7F9FF\" width=\"30%\">\r\n				核心数\r\n			</td>\r\n			<td id=\"td_padding_left param_13731\" style=\"background-color:white;font-size:12px;font-family:verdana;\">\r\n				四核\r\n			</td>\r\n		</tr>\r\n		<tr>\r\n			<td style=\"font-size:12px;font-family:verdana;\" align=\"center\" bgcolor=\"#F7F9FF\" width=\"30%\">\r\n				CPU型号\r\n			</td>\r\n			<td id=\"td_padding_left param_11703\" style=\"background-color:white;font-size:12px;font-family:verdana;\">\r\n				Nvidia Tegra4\r\n			</td>\r\n		</tr>\r\n		<tr>\r\n			<td style=\"font-size:12px;font-family:verdana;\" align=\"center\" bgcolor=\"#F7F9FF\" width=\"30%\">\r\n				CPU频率\r\n			</td>\r\n			<td id=\"td_padding_left param_8525\" style=\"background-color:white;font-size:12px;font-family:verdana;\">\r\n				1843MHz\r\n			</td>\r\n		</tr>\r\n		<tr>\r\n			<td style=\"font-size:12px;font-family:verdana;\" align=\"center\" bgcolor=\"#F7F9FF\" width=\"30%\">\r\n				RAM容量\r\n			</td>\r\n			<td id=\"td_padding_left param_15370\" style=\"background-color:white;font-size:12px;font-family:verdana;\">\r\n				2GB\r\n			</td>\r\n		</tr>\r\n		<tr>\r\n			<td style=\"font-size:12px;font-family:verdana;\" align=\"center\" bgcolor=\"#F7F9FF\" width=\"30%\">\r\n				ROM容量\r\n			</td>\r\n			<td id=\"td_padding_left param_15371\" style=\"background-color:white;font-size:12px;font-family:verdana;\">\r\n				16GB/64GB\r\n			</td>\r\n		</tr>\r\n		<tr>\r\n			<td style=\"font-size:12px;font-family:verdana;\" align=\"center\" bgcolor=\"#F7F9FF\" width=\"30%\">\r\n				电池类型\r\n			</td>\r\n			<td id=\"td_padding_left param_15583\" style=\"background-color:white;font-size:12px;font-family:verdana;\">\r\n				不可拆卸式电池\r\n			</td>\r\n		</tr>\r\n		<tr>\r\n			<td style=\"font-size:12px;font-family:verdana;\" align=\"center\" bgcolor=\"#F7F9FF\" width=\"30%\">\r\n				电池容量\r\n			</td>\r\n			<td id=\"td_padding_left param_10119\" style=\"background-color:white;font-size:12px;font-family:verdana;\">\r\n				3050mAh\r\n			</td>\r\n		</tr>\r\n		<tr>\r\n			<td style=\"font-size:12px;font-family:verdana;\" align=\"center\" bgcolor=\"#F7F9FF\" width=\"30%\">\r\n				摄像头\r\n			</td>\r\n			<td id=\"td_padding_left param_3283\" style=\"background-color:white;font-size:12px;font-family:verdana;\">\r\n				内置\r\n			</td>\r\n		</tr>\r\n		<tr>\r\n			<td style=\"font-size:12px;font-family:verdana;\" align=\"center\" bgcolor=\"#F7F9FF\" width=\"30%\">\r\n				摄像头类型\r\n			</td>\r\n			<td id=\"td_padding_left param_14414\" style=\"background-color:white;font-size:12px;font-family:verdana;\">\r\n				双摄像头（前后）\r\n			</td>\r\n		</tr>\r\n		<tr>\r\n			<td style=\"font-size:12px;font-family:verdana;\" align=\"center\" bgcolor=\"#F7F9FF\" width=\"30%\">\r\n				后置摄像头像素\r\n			</td>\r\n			<td id=\"td_padding_left param_3800\" style=\"background-color:white;font-size:12px;font-family:verdana;\">\r\n				1300万像素\r\n			</td>\r\n		</tr>\r\n		<tr>\r\n			<td style=\"font-size:12px;font-family:verdana;\" align=\"center\" bgcolor=\"#F7F9FF\" width=\"30%\">\r\n				前置摄像头像素\r\n			</td>\r\n			<td id=\"td_padding_left param_15696\" style=\"background-color:white;font-size:12px;font-family:verdana;\">\r\n				200万像素\r\n			</td>\r\n		</tr>\r\n		<tr>\r\n			<td style=\"font-size:12px;font-family:verdana;\" align=\"center\" bgcolor=\"#F7F9FF\" width=\"30%\">\r\n				传感器类型\r\n			</td>\r\n			<td id=\"td_padding_left param_11707\" style=\"background-color:white;font-size:12px;font-family:verdana;\">\r\n				堆栈式/积层式 CMOS（Exmor RS）\r\n			</td>\r\n		</tr>\r\n		<tr>\r\n			<td style=\"font-size:12px;font-family:verdana;\" align=\"center\" bgcolor=\"#F7F9FF\" width=\"30%\">\r\n				闪光灯\r\n			</td>\r\n			<td id=\"td_padding_left param_10148\" style=\"background-color:white;font-size:12px;font-family:verdana;\">\r\n				LED补光灯（双）\r\n			</td>\r\n		</tr>\r\n		<tr>\r\n			<td style=\"font-size:12px;font-family:verdana;\" align=\"center\" bgcolor=\"#F7F9FF\" width=\"30%\">\r\n				光圈\r\n			</td>\r\n			<td id=\"td_padding_left param_11709\" style=\"background-color:white;font-size:12px;font-family:verdana;\">\r\n				f/2.2\r\n			</td>\r\n		</tr>\r\n		<tr>\r\n			<td style=\"font-size:12px;font-family:verdana;\" align=\"center\" bgcolor=\"#F7F9FF\" width=\"30%\">\r\n				视频拍摄\r\n			</td>\r\n			<td id=\"td_padding_left param_8510\" style=\"background-color:white;font-size:12px;font-family:verdana;\">\r\n				1080p（1920×1080，30帧/秒）视频录制\r\n			</td>\r\n		</tr>\r\n		<tr>\r\n			<td style=\"font-size:12px;font-family:verdana;\" align=\"center\" bgcolor=\"#F7F9FF\" width=\"30%\">\r\n				拍照功能\r\n			</td>\r\n			<td id=\"td_padding_left param_16898\" style=\"background-color:white;font-size:12px;font-family:verdana;\">\r\n				连拍，自动对焦\r\n			</td>\r\n		</tr>\r\n		<tr>\r\n			<td style=\"font-size:12px;font-family:verdana;\" align=\"center\" bgcolor=\"#F7F9FF\" width=\"30%\">\r\n				造型设计\r\n			</td>\r\n			<td id=\"td_padding_left param_3280\" style=\"background-color:white;font-size:12px;font-family:verdana;\">\r\n				直板\r\n			</td>\r\n		</tr>\r\n		<tr>\r\n			<td style=\"font-size:12px;font-family:verdana;\" align=\"center\" bgcolor=\"#F7F9FF\" width=\"30%\">\r\n				机身颜色\r\n			</td>\r\n			<td id=\"td_padding_left param_1793\" style=\"background-color:white;font-size:12px;font-family:verdana;\">\r\n				星空灰色，纯白色，银灰色，明黄色，玫红色\r\n			</td>\r\n		</tr>\r\n		<tr>\r\n			<td style=\"font-size:12px;font-family:verdana;\" align=\"center\" bgcolor=\"#F7F9FF\" width=\"30%\">\r\n				手机尺寸\r\n			</td>\r\n			<td id=\"td_padding_left param_2083\" style=\"background-color:white;font-size:12px;font-family:verdana;\">\r\n				144x73.6x8.1mm\r\n			</td>\r\n		</tr>\r\n		<tr>\r\n			<td style=\"font-size:12px;font-family:verdana;\" align=\"center\" bgcolor=\"#F7F9FF\" width=\"30%\">\r\n				手机重量\r\n			</td>\r\n			<td id=\"td_padding_left param_720\" style=\"background-color:white;font-size:12px;font-family:verdana;\">\r\n				145g\r\n			</td>\r\n		</tr>\r\n		<tr>\r\n			<td style=\"font-size:12px;font-family:verdana;\" align=\"center\" bgcolor=\"#F7F9FF\" width=\"30%\">\r\n				操作类型\r\n			</td>\r\n			<td id=\"td_padding_left param_9693\" style=\"background-color:white;font-size:12px;font-family:verdana;\">\r\n				触控按键\r\n			</td>\r\n		</tr>\r\n		<tr>\r\n			<td style=\"font-size:12px;font-family:verdana;\" align=\"center\" bgcolor=\"#F7F9FF\" width=\"30%\">\r\n				感应器类型\r\n			</td>\r\n			<td id=\"td_padding_left param_15630\" style=\"background-color:white;font-size:12px;font-family:verdana;\">\r\n				重力感应器，光线传感器，距离传感器，陀螺仪，气压传感器\r\n			</td>\r\n		</tr>\r\n		<tr>\r\n			<td style=\"font-size:12px;font-family:verdana;\" align=\"center\" bgcolor=\"#F7F9FF\" width=\"30%\">\r\n				SIM卡类型\r\n			</td>\r\n			<td id=\"td_padding_left param_15582\" style=\"background-color:white;font-size:12px;font-family:verdana;\">\r\n				SIM卡\r\n			</td>\r\n		</tr>\r\n		<tr>\r\n			<td style=\"font-size:12px;font-family:verdana;\" align=\"center\" bgcolor=\"#F7F9FF\" width=\"30%\">\r\n				机身接口\r\n			</td>\r\n			<td id=\"td_padding_left param_16897\" style=\"background-color:white;font-size:12px;font-family:verdana;\">\r\n				3.5mm耳机接口，Micro USB v2.0数据接口\r\n			</td>\r\n		</tr>\r\n		<tr>\r\n			<td style=\"font-size:12px;font-family:verdana;\" align=\"center\" bgcolor=\"#F7F9FF\" width=\"30%\">\r\n				音频支持\r\n			</td>\r\n			<td id=\"td_padding_left param_3628\" style=\"background-color:white;font-size:12px;font-family:verdana;\">\r\n				支持MP3/AAC/AMR/OGG/MP4等格式\r\n			</td>\r\n		</tr>\r\n		<tr>\r\n			<td style=\"font-size:12px;font-family:verdana;\" align=\"center\" bgcolor=\"#F7F9FF\" width=\"30%\">\r\n				视频支持\r\n			</td>\r\n			<td id=\"td_padding_left param_4214\" style=\"background-color:white;font-size:12px;font-family:verdana;\">\r\n				支持MP4/3GP/3GP2/WAV/MKV等格式\r\n			</td>\r\n		</tr>\r\n		<tr>\r\n			<td style=\"font-size:12px;font-family:verdana;\" align=\"center\" bgcolor=\"#F7F9FF\" width=\"30%\">\r\n				图片支持\r\n			</td>\r\n			<td id=\"td_padding_left param_11712\" style=\"background-color:white;font-size:12px;font-family:verdana;\">\r\n				支持JPEG等格式\r\n			</td>\r\n		</tr>\r\n		<tr>\r\n			<td style=\"font-size:12px;font-family:verdana;\" align=\"center\" bgcolor=\"#F7F9FF\" width=\"30%\">\r\n				常用功能\r\n			</td>\r\n			<td id=\"td_padding_left param_16899\" style=\"background-color:white;font-size:12px;font-family:verdana;\">\r\n				计算器，备忘录，日程表，记事本，收音机，电子书，闹钟，日历，录音机，情景模式，主题模式，地图软件\r\n			</td>\r\n		</tr>\r\n		<tr>\r\n			<td style=\"font-size:12px;font-family:verdana;\" align=\"center\" bgcolor=\"#F7F9FF\" width=\"30%\">\r\n				服务特色\r\n			</td>\r\n			<td id=\"td_padding_left param_12330\" style=\"background-color:white;font-size:12px;font-family:verdana;\">\r\n				米聊，云服务\r\n			</td>\r\n		</tr>\r\n		<tr>\r\n			<td style=\"font-size:12px;font-family:verdana;\" align=\"center\" bgcolor=\"#F7F9FF\" width=\"30%\">\r\n				包装清单\r\n			</td>\r\n			<td id=\"td_padding_left param_734\" style=\"background-color:white;font-size:12px;font-family:verdana;\">\r\n				主机 x1<br />\r\n数据线 x1<br />\r\n充电器 x1<br />\r\n说明书 x1\r\n			</td>\r\n		</tr>\r\n		<tr>\r\n			<td style=\"font-size:12px;font-family:verdana;\" align=\"center\" bgcolor=\"#F7F9FF\" width=\"30%\">\r\n				保修政策\r\n			</td>\r\n			<td id=\"td_padding_left param_12314\" style=\"background-color:white;font-size:12px;font-family:verdana;\">\r\n				全国联保，享受三包服务\r\n			</td>\r\n		</tr>\r\n		<tr>\r\n			<td style=\"font-size:12px;font-family:verdana;\" align=\"center\" bgcolor=\"#F7F9FF\" width=\"30%\">\r\n				质保时间\r\n			</td>\r\n			<td id=\"td_padding_left param_11648\" style=\"background-color:white;font-size:12px;font-family:verdana;\">\r\n				1年\r\n			</td>\r\n		</tr>\r\n		<tr>\r\n			<td style=\"font-size:12px;font-family:verdana;\" align=\"center\" bgcolor=\"#F7F9FF\" width=\"30%\">\r\n				质保备注\r\n			</td>\r\n			<td id=\"td_padding_left param_12315\" style=\"background-color:white;font-size:12px;font-family:verdana;\">\r\n				主机1年，电池6个月，充电器1年\r\n			</td>\r\n		</tr>\r\n		<tr>\r\n			<td style=\"font-size:12px;font-family:verdana;\" align=\"center\" bgcolor=\"#F7F9FF\" width=\"30%\">\r\n				客服电话\r\n			</td>\r\n			<td id=\"td_padding_left param_12317\" style=\"background-color:white;font-size:12px;font-family:verdana;\">\r\n				400-100-5678\r\n			</td>\r\n		</tr>\r\n		<tr>\r\n			<td style=\"font-size:12px;font-family:verdana;\" align=\"center\" bgcolor=\"#F7F9FF\" width=\"30%\">\r\n				电话备注\r\n			</td>\r\n			<td id=\"td_padding_left param_12318\" style=\"background-color:white;font-size:12px;font-family:verdana;\">\r\n				周一至周日:8:00 - 18:00(仅收市话费)\r\n			</td>\r\n		</tr>\r\n		<tr>\r\n			<td style=\"font-size:12px;font-family:verdana;\" align=\"center\" bgcolor=\"#F7F9FF\" width=\"30%\">\r\n				详细内容\r\n			</td>\r\n			<td id=\"td_padding_left param_12319\" style=\"background-color:white;font-size:12px;font-family:verdana;\">\r\n				自\r\n购机日起（以购机发票为准），如因质量问题或故障，凭厂商维修中心或特约维修点的质量检测证明，享受7日内退货，15日内换货，15日以上在质保期内享受\r\n免费保修等三包服务！注：单独购买手机配件产品的用户，请完好保存配件外包装以及发票原件，如无法提供上述凭证的，将无法进行正常的配件保修或更换。进入\r\n官网&gt;&gt;\r\n			</td>\r\n		</tr>\r\n	</tbody>\r\n</table>\r\n<p>\r\n	编辑点评：小米3在官网上开放购买便遭遇了疯抢，肯定还有很多网友没有抢到这款优质的产品，而今日，商家就拿出这款产品促销，喜欢的朋友可以关注一下商家的信息，方便的话可以去商家实体店尽心咨询。\r\n</p>\r\n<p>\r\n	<strong>购买时提及ZOL中关村在线会获得更好的服务或优惠<br />\r\n官方微博：@中关村在线-广州站<br />\r\nzol广东网友交流QQ群:257681956（仅供交流，不含报价功能）</strong>\r\n</p>','pro','1406708073');
INSERT INTO `mc_page` VALUES ('12','it俱乐部','it&amp;nbsp; ，python,php,java,c++,go,swift...linux&lt;br /&gt;','group','1406433827');
INSERT INTO `mc_page` VALUES ('13','java线程的一些使用','<p> 线程可以继承thread类，直接实例化对象。 </p> <p> 也可以实现runnable接口，然后将类传递给thread对象 </p> <p> 然后执行start方法 </p>','publish','1406707785');
INSERT INTO `mc_page` VALUES ('17','qingfeng','','user','1406722748');
INSERT INTO `mc_page` VALUES ('19','苹果Iphone5s','<h3 class=\"headline-2\">\r\n	<span class=\"headline-content\">基本参数</span>\r\n</h3>\r\n<table class=\"zctable\">\r\n	<tbody>\r\n		<tr>\r\n			<td align=\"left\" valign=\"center\" width=\"67\">\r\n				<div class=\"para\">\r\n					手机类型\r\n				</div>\r\n			</td>\r\n			<td align=\"left\" valign=\"center\" width=\"572\">\r\n				<div class=\"para\">\r\n					智能手机,<a target=\"_blank\" href=\"http://baike.baidu.com/view/1020704.htm\">4G手机</a>,拍照手机\r\n				</div>\r\n			</td>\r\n		</tr>\r\n		<tr>\r\n			<td align=\"left\" valign=\"center\" width=\"67\">\r\n				<div class=\"para\">\r\n					上市时间\r\n				</div>\r\n			</td>\r\n			<td align=\"left\" valign=\"center\" width=\"572\">\r\n				<div class=\"para\">\r\n					2013年9月\r\n				</div>\r\n			</td>\r\n		</tr>\r\n	</tbody>\r\n</table>\r\n<table class=\"table-view log-set-param\">\r\n	<tbody>\r\n		<tr>\r\n			<td colspan=\"4\" align=\"left\" height=\"0\" valign=\"top\" width=\"91\">\r\n				<b>网络制式</b>\r\n			</td>\r\n		</tr>\r\n		<tr>\r\n			<td align=\"left\" valign=\"top\" width=\"145\">\r\n				<div class=\"para\">\r\n					<b>A1528</b>\r\n				</div>\r\n			</td>\r\n			<td align=\"left\" valign=\"top\" width=\"151\">\r\n				<div class=\"para\">\r\n					<b>A1533</b>\r\n				</div>\r\n			</td>\r\n			<td align=\"left\" valign=\"top\" width=\"147\">\r\n				<div class=\"para\">\r\n					<b>A1518</b>\r\n				</div>\r\n			</td>\r\n			<td align=\"left\" valign=\"top\" width=\"154\">\r\n				<div class=\"para\">\r\n					<b>A1530</b>\r\n				</div>\r\n			</td>\r\n		</tr>\r\n		<tr>\r\n			<td align=\"left\" height=\"377\" valign=\"top\" width=\"145\">\r\n				<div class=\"para\">\r\n					UMTS (WCDMA)/HSPA+/DC-HSDPA (850、900、1900、2100 MHz)；GSM/EDGE (850、900、1800、1900 MHz)\r\n				</div>\r\n			</td>\r\n			<td align=\"left\" height=\"377\" valign=\"top\" width=\"151\">\r\n				<div class=\"para\">\r\n					CDMA\r\n EV-DO Rev. A (800、1700/2100、1900、2100 MHz)；GSM/EDGE (850、900、1800、1900 \r\nMHz)；仅限国际漫游；UMTS (WCDMA)/HSPA+/DC-HSDPA (850、900、1700/2100、1900、2100 \r\nMHz)；仅限国际漫游\r\n				</div>\r\n			</td>\r\n			<td align=\"left\" height=\"377\" valign=\"top\" width=\"147\">\r\n				<div class=\"para\">\r\n					GSM/EDGE\r\n (850、900、1800、1900 MHz)；TD-SCDMA 1900 (F)、2000 (A)；TD-LTE (频段 \r\n38、39、40)；UMTS (WCDMA)/HSPA+/DC-HSDPA (850、900、1900、2100 MHz)；仅限国际漫游\r\n				</div>\r\n			</td>\r\n			<td align=\"left\" height=\"377\" valign=\"top\" width=\"154\">\r\n				<div class=\"para\">\r\n					UMTS\r\n (WCDMA)/HSPA+/DC-HSDPA (850、 900、1900、2100 MHz)；GSM/EDGE \r\n(850、900、1800、1900 MHz)；TD-SCDMA 1900 (F)、2000 (A)；TD-LTE (频段 38、39、40)\r\n				</div>\r\n			</td>\r\n		</tr>\r\n	</tbody>\r\n</table>\r\n<table class=\"zctable\">\r\n	<tbody>\r\n		<tr>\r\n			<td align=\"left\" valign=\"center\" width=\"156\">\r\n			</td>\r\n			<td align=\"left\" valign=\"center\" width=\"480\">\r\n			</td>\r\n		</tr>\r\n		<tr>\r\n			<td align=\"left\" valign=\"center\" width=\"154\">\r\n				<div class=\"para\">\r\n					手机外形\r\n				</div>\r\n			</td>\r\n			<td align=\"left\" valign=\"center\" width=\"480\">\r\n				<div class=\"para\">\r\n					直板\r\n				</div>\r\n			</td>\r\n		</tr>\r\n		<tr>\r\n			<td align=\"left\" valign=\"center\" width=\"154\">\r\n				<div class=\"para\">\r\n					外壳颜色\r\n				</div>\r\n			</td>\r\n			<td align=\"left\" valign=\"center\" width=\"480\">\r\n				<div class=\"para\">\r\n					深空灰色，太空银色，香槟金色\r\n				</div>\r\n			</td>\r\n		</tr>\r\n		<tr>\r\n			<td align=\"left\" valign=\"center\" width=\"154\">\r\n				<div class=\"para\">\r\n					体积\r\n				</div>\r\n			</td>\r\n			<td align=\"left\" valign=\"center\" width=\"480\">\r\n				<div class=\"para\">\r\n					123.8×58.6×7.6mm\r\n				</div>\r\n			</td>\r\n		</tr>\r\n		<tr>\r\n			<td align=\"left\" valign=\"center\" width=\"156\">\r\n				<div class=\"para\">\r\n					重量\r\n				</div>\r\n			</td>\r\n			<td align=\"left\" valign=\"center\" width=\"480\">\r\n				<div class=\"para\">\r\n					112g\r\n				</div>\r\n			</td>\r\n		</tr>\r\n		<tr>\r\n			<td align=\"left\" valign=\"center\" width=\"154\">\r\n				<div class=\"para\">\r\n					主屏参数\r\n				</div>\r\n			</td>\r\n			<td align=\"left\" valign=\"center\" width=\"480\">\r\n				<div class=\"para\">\r\n					IPS屏幕;1136*640;4英寸\r\n				</div>\r\n			</td>\r\n		</tr>\r\n		<tr>\r\n			<td align=\"left\" valign=\"center\" width=\"154\">\r\n				<div class=\"para\">\r\n					操作系统\r\n				</div>\r\n			</td>\r\n			<td align=\"left\" valign=\"center\" width=\"480\">\r\n				<div class=\"para\">\r\n					<b>iOS 7</b>\r\n				</div>\r\n			</td>\r\n		</tr>\r\n		<tr>\r\n			<td align=\"left\" valign=\"center\" width=\"154\">\r\n				<div class=\"para\">\r\n					中央处理器\r\n				</div>\r\n			</td>\r\n			<td align=\"left\" valign=\"center\" width=\"480\">\r\n				<div class=\"para\">\r\n					<b>苹果 A7/M7协处理器 1331MHz</b>\r\n				</div>\r\n			</td>\r\n		</tr>\r\n		<tr>\r\n			<td align=\"left\" valign=\"center\" width=\"154\">\r\n				<div class=\"para\">\r\n					内存容量\r\n				</div>\r\n			</td>\r\n			<td align=\"left\" valign=\"center\" width=\"480\">\r\n				<div class=\"para\">\r\n					<b>1GB RAM,16GB/32GB/64GB NAND-FLASH</b>\r\n				</div>\r\n			</td>\r\n		</tr>\r\n		<tr>\r\n			<td align=\"left\" valign=\"center\" width=\"154\">\r\n				<div class=\"para\">\r\n					通话时间\r\n				</div>\r\n			</td>\r\n			<td align=\"left\" valign=\"center\" width=\"480\">\r\n				<div class=\"para\">\r\n					最长480分钟\r\n				</div>\r\n			</td>\r\n		</tr>\r\n		<tr>\r\n			<td align=\"left\" valign=\"center\" width=\"154\">\r\n				<div class=\"para\">\r\n					待机时间\r\n				</div>\r\n			</td>\r\n			<td align=\"left\" valign=\"center\" width=\"480\">\r\n				<div class=\"para\">\r\n					最长250小时\r\n				</div>\r\n			</td>\r\n		</tr>\r\n		<tr>\r\n			<td align=\"left\" valign=\"center\" width=\"154\">\r\n				<div class=\"para\">\r\n					标准配置\r\n				</div>\r\n			</td>\r\n			<td align=\"left\" valign=\"center\" width=\"480\">\r\n				<div class=\"para\">\r\n					主机 ×1 EarPods耳机 ×1 电源适配器 ×1 Micro USB转接Lightning端口 ×1 取卡针 ×1 资料 ×1\r\n				</div>\r\n			</td>\r\n		</tr>\r\n	</tbody>\r\n</table>\r\n<h3 class=\"headline-2\">\r\n	<a name=\"1_2\"></a><a name=\"sub7593500_1_2\"></a><a name=\"配置_基本功能\"></a><span class=\"headline-content\">基本功能</span>\r\n</h3>\r\n<table class=\"zctable\">\r\n	<tbody>\r\n		<tr>\r\n			<td align=\"left\" valign=\"center\" width=\"96\">\r\n				<div class=\"para\">\r\n					通讯录\r\n				</div>\r\n			</td>\r\n			<td align=\"left\" valign=\"center\" width=\"478\">\r\n				<div class=\"para\">\r\n					名片式存储，已接+已拨+未接电话\r\n				</div>\r\n			</td>\r\n		</tr>\r\n		<tr>\r\n			<td align=\"left\" valign=\"center\" width=\"96\">\r\n				<div class=\"para\">\r\n					铃声\r\n				</div>\r\n			</td>\r\n			<td align=\"left\" valign=\"center\" width=\"478\">\r\n				<div class=\"para\">\r\n					支持MP3/MIDI等格式\r\n				</div>\r\n			</td>\r\n		</tr>\r\n		<tr>\r\n			<td align=\"left\" valign=\"center\" width=\"96\">\r\n				<div class=\"para\">\r\n					内置游戏\r\n				</div>\r\n			</td>\r\n			<td align=\"left\" valign=\"center\" width=\"478\">\r\n				<div class=\"para\">\r\n					支持下载\r\n				</div>\r\n			</td>\r\n		</tr>\r\n		<tr>\r\n			<td align=\"left\" valign=\"center\" width=\"157\">\r\n				<div class=\"para\">\r\n					E-mail\r\n				</div>\r\n			</td>\r\n			<td align=\"left\" valign=\"center\" width=\"478\">\r\n				<div class=\"para\">\r\n					支持IMAP4，POP3，SMTP等\r\n				</div>\r\n			</td>\r\n		</tr>\r\n		<tr>\r\n			<td align=\"left\" valign=\"center\" width=\"96\">\r\n				<div class=\"para\">\r\n					办公功能\r\n				</div>\r\n			</td>\r\n			<td align=\"left\" valign=\"center\" width=\"478\">\r\n				<div class=\"para\">\r\n					TXT，Quick Office，Adobe PDF，zip管理\r\n				</div>\r\n			</td>\r\n		</tr>\r\n		<tr>\r\n			<td align=\"left\" valign=\"center\" width=\"96\">\r\n				<div class=\"para\">\r\n					录音\r\n				</div>\r\n			</td>\r\n			<td align=\"left\" valign=\"center\" width=\"478\">\r\n				<div class=\"para\">\r\n					支持\r\n				</div>\r\n			</td>\r\n		</tr>\r\n		<tr>\r\n			<td align=\"left\" valign=\"center\" width=\"96\">\r\n				<div class=\"para\">\r\n					语音拨号\r\n				</div>\r\n			</td>\r\n			<td align=\"left\" valign=\"center\" width=\"478\">\r\n				<div class=\"para\">\r\n					支持\r\n				</div>\r\n			</td>\r\n		</tr>\r\n		<tr>\r\n			<td align=\"left\" valign=\"center\" width=\"158\">\r\n				<div class=\"para\">\r\n					个性化铃声\r\n				</div>\r\n			</td>\r\n			<td align=\"left\" valign=\"center\" width=\"478\">\r\n				<div class=\"para\">\r\n					支持\r\n				</div>\r\n			</td>\r\n		</tr>\r\n		<tr>\r\n			<td align=\"left\" valign=\"center\" width=\"96\">\r\n				<div class=\"para\">\r\n					个性化图片\r\n				</div>\r\n			</td>\r\n			<td align=\"left\" valign=\"center\" width=\"478\">\r\n				<div class=\"para\">\r\n					支持\r\n				</div>\r\n			</td>\r\n		</tr>\r\n		<tr>\r\n			<td align=\"left\" valign=\"center\" width=\"96\">\r\n				<div class=\"para\">\r\n					情景模式\r\n				</div>\r\n			</td>\r\n			<td align=\"left\" valign=\"center\" width=\"478\">\r\n				<div class=\"para\">\r\n					支持\r\n				</div>\r\n			</td>\r\n		</tr>\r\n		<tr>\r\n			<td align=\"left\" valign=\"center\" width=\"96\">\r\n				<div class=\"para\">\r\n					免提通话\r\n				</div>\r\n			</td>\r\n			<td align=\"left\" valign=\"center\" width=\"478\">\r\n				<div class=\"para\">\r\n					支持\r\n				</div>\r\n			</td>\r\n		</tr>\r\n		<tr>\r\n			<td align=\"left\" valign=\"center\" width=\"96\">\r\n				<div class=\"para\">\r\n					话机通讯录\r\n				</div>\r\n			</td>\r\n			<td align=\"left\" valign=\"center\" width=\"478\">\r\n				<div class=\"para\">\r\n					名片式存储\r\n				</div>\r\n			</td>\r\n		</tr>\r\n		<tr>\r\n			<td align=\"left\" valign=\"center\" width=\"96\">\r\n				<div class=\"para\">\r\n					通话记录\r\n				</div>\r\n			</td>\r\n			<td align=\"left\" valign=\"center\" width=\"478\">\r\n				<div class=\"para\">\r\n					已接+已拨+未接电话\r\n				</div>\r\n			</td>\r\n		</tr>\r\n		<tr>\r\n			<td align=\"left\" valign=\"center\" width=\"96\">\r\n				<div class=\"para\">\r\n					内置游戏\r\n				</div>\r\n			</td>\r\n			<td align=\"left\" valign=\"center\" width=\"478\">\r\n				<div class=\"para\">\r\n					支持下载\r\n				</div>\r\n			</td>\r\n		</tr>\r\n		<tr>\r\n			<td align=\"left\" valign=\"center\" width=\"96\">\r\n				<div class=\"para\">\r\n					动画屏保\r\n				</div>\r\n			</td>\r\n			<td align=\"left\" valign=\"center\" width=\"478\">\r\n				<div class=\"para\">\r\n					支持\r\n				</div>\r\n			</td>\r\n		</tr>\r\n		<tr>\r\n			<td align=\"left\" valign=\"center\" width=\"156\">\r\n				<div class=\"para\">\r\n					待机图片\r\n				</div>\r\n			</td>\r\n			<td align=\"left\" valign=\"center\" width=\"478\">\r\n				<div class=\"para\">\r\n					支持\r\n				</div>\r\n			</td>\r\n		</tr>\r\n	</tbody>\r\n</table>\r\n<h3 class=\"headline-2\">\r\n	<a name=\"1_3\"></a><a name=\"sub7593500_1_3\"></a><a name=\"配置_多媒体娱乐\"></a><span class=\"headline-content\">多媒体娱乐</span>\r\n</h3>\r\n<table class=\"zctable\">\r\n	<tbody>\r\n		<tr>\r\n			<td align=\"left\" valign=\"center\" width=\"158\">\r\n				<div class=\"para\">\r\n					拍照功能\r\n				</div>\r\n			</td>\r\n			<td align=\"left\" valign=\"center\" width=\"478\">\r\n				<div class=\"para\">\r\n					拍照功能：内置　　主相机：800万像素 CMOS传感器　　副相机：120万像素传感器　　照片分辨率：最大支持3264×2448像素照片拍摄　　视频拍摄：1080p（1920×1080，30帧/秒）视频录制　　详细描述：800万像素\r\n				</div>\r\n			</td>\r\n		</tr>\r\n		<tr>\r\n			<td align=\"left\" valign=\"center\" width=\"158\">\r\n				<div class=\"para\">\r\n					视频播放\r\n				</div>\r\n			</td>\r\n			<td align=\"left\" valign=\"center\" width=\"478\">\r\n				<div class=\"para\">\r\n					支持H.264/M4V/MP4/MOV/MPEG-4/AVI等格式\r\n				</div>\r\n			</td>\r\n		</tr>\r\n		<tr>\r\n			<td align=\"left\" valign=\"center\" width=\"108\">\r\n				<div class=\"para\">\r\n					内置游戏\r\n				</div>\r\n			</td>\r\n			<td align=\"left\" valign=\"center\" width=\"478\">\r\n				<div class=\"para\">\r\n					支持下载\r\n				</div>\r\n			</td>\r\n		</tr>\r\n		<tr>\r\n			<td align=\"left\" valign=\"center\" width=\"157\">\r\n				<div class=\"para\">\r\n					飞行模式\r\n				</div>\r\n			</td>\r\n			<td align=\"left\" valign=\"center\" width=\"478\">\r\n				<div class=\"para\">\r\n					支持\r\n				</div>\r\n			</td>\r\n		</tr>\r\n		<tr>\r\n			<td align=\"left\" valign=\"center\" width=\"108\">\r\n				<div class=\"para\">\r\n					Java扩展\r\n				</div>\r\n			</td>\r\n			<td align=\"left\" valign=\"center\" width=\"478\">\r\n				<div class=\"para\">\r\n					支持\r\n				</div>\r\n			</td>\r\n		</tr>\r\n	</tbody>\r\n</table>\r\n<h3 class=\"headline-2\">\r\n	<a name=\"1_4\"></a><a name=\"sub7593500_1_4\"></a><a name=\"配置_数据应用\"></a><span class=\"headline-content\">数据应用</span>\r\n</h3>\r\n<table class=\"zctable\">\r\n	<tbody>\r\n		<tr>\r\n			<td align=\"left\" valign=\"center\" width=\"159\">\r\n				<div class=\"para\">\r\n					蓝牙接口\r\n				</div>\r\n			</td>\r\n			<td align=\"left\" valign=\"center\" width=\"477\">\r\n				<div class=\"para\">\r\n					支持蓝牙4.0\r\n				</div>\r\n			</td>\r\n		</tr>\r\n		<tr>\r\n			<td align=\"left\" valign=\"center\" width=\"159\">\r\n				<div class=\"para\">\r\n					红外接口\r\n				</div>\r\n			</td>\r\n			<td align=\"left\" valign=\"center\" width=\"477\">\r\n				<div class=\"para\">\r\n					无\r\n				</div>\r\n			</td>\r\n		</tr>\r\n		<tr>\r\n			<td align=\"left\" valign=\"center\" width=\"159\">\r\n				<div class=\"para\">\r\n					<a target=\"_blank\" href=\"http://baike.baidu.com/view/1694492.htm\">数据业务</a>\r\n				</div>\r\n			</td>\r\n			<td align=\"left\" valign=\"center\" width=\"477\">\r\n				<div class=\"para\">\r\n					GPRS,EDGE,HSDPA\r\n				</div>\r\n			</td>\r\n		</tr>\r\n		<tr>\r\n			<td align=\"left\" valign=\"center\" width=\"159\">\r\n				<div class=\"para\">\r\n					<a target=\"_blank\" href=\"http://baike.baidu.com/view/245355.htm\">Java扩展</a>\r\n				</div>\r\n			</td>\r\n			<td align=\"left\" valign=\"center\" width=\"477\">\r\n				<div class=\"para\">\r\n					支持\r\n				</div>\r\n			</td>\r\n		</tr>\r\n		<tr>\r\n			<td align=\"left\" valign=\"center\" width=\"159\">\r\n				<div class=\"para\">\r\n					WAP上网\r\n				</div>\r\n			</td>\r\n			<td align=\"left\" valign=\"center\" width=\"477\">\r\n				<div class=\"para\">\r\n					支持\r\n				</div>\r\n			</td>\r\n		</tr>\r\n		<tr>\r\n			<td align=\"left\" valign=\"center\" width=\"159\">\r\n				<div class=\"para\">\r\n					WWW浏览器\r\n				</div>\r\n			</td>\r\n			<td align=\"left\" valign=\"center\" width=\"477\">\r\n				<div class=\"para\">\r\n					支持\r\n				</div>\r\n			</td>\r\n		</tr>\r\n		<tr>\r\n			<td align=\"left\" valign=\"center\" width=\"159\">\r\n				<div class=\"para\">\r\n					数据线接口\r\n				</div>\r\n			</td>\r\n			<td align=\"left\" valign=\"center\" width=\"477\">\r\n				<div class=\"para\">\r\n					Lightning <a target=\"_blank\" href=\"http://baike.baidu.com/view/159864.htm\">接口</a>\r\n				</div>\r\n			</td>\r\n		</tr>\r\n		<tr>\r\n			<td align=\"left\" valign=\"center\" width=\"159\">\r\n				<div class=\"para\">\r\n					<a target=\"_blank\" href=\"http://baike.baidu.com/view/1027238.htm\">扩展卡</a>\r\n				</div>\r\n			</td>\r\n			<td align=\"left\" valign=\"center\" width=\"477\">\r\n				<div class=\"para\">\r\n					不支持容量扩展\r\n				</div>\r\n			</td>\r\n		</tr>\r\n		<tr>\r\n			<td align=\"left\" valign=\"center\" width=\"159\">\r\n				<div class=\"para\">\r\n					WiFi(WLAN)\r\n				</div>\r\n			</td>\r\n			<td align=\"left\" valign=\"center\" width=\"477\">\r\n				<div class=\"para\">\r\n					支持WIFI，IEEE 802.11 a/n/b/g\r\n				</div>\r\n			</td>\r\n		</tr>\r\n		<tr>\r\n			<td align=\"left\" valign=\"center\" width=\"159\">\r\n				<div class=\"para\">\r\n					<a target=\"_blank\" href=\"http://baike.baidu.com/view/1490693.htm\">GPS定位系统</a>\r\n				</div>\r\n			</td>\r\n			<td align=\"left\" valign=\"center\" width=\"477\">\r\n				<div class=\"para\">\r\n					内置GPS，支持GLONASS\r\n				</div>\r\n			</td>\r\n		</tr>\r\n	</tbody>\r\n</table>\r\n<h3 class=\"headline-2\">\r\n	<a name=\"1_5\"></a><a name=\"sub7593500_1_5\"></a><a name=\"配置_办公应用\"></a><span class=\"headline-content\">办公应用</span>\r\n</h3>\r\n<table class=\"zctable\">\r\n	<tbody>\r\n		<tr>\r\n			<td align=\"left\" valign=\"center\" width=\"159\">\r\n				<div class=\"para\">\r\n					办公功能\r\n				</div>\r\n			</td>\r\n			<td align=\"left\" valign=\"center\" width=\"480\">\r\n				<div class=\"para\">\r\n					<b>Quick Office，PDF， Page，Keynote，Numbers</b>\r\n				</div>\r\n			</td>\r\n		</tr>\r\n	</tbody>\r\n</table>\r\n<h3 class=\"headline-2\">\r\n	<a name=\"1_6\"></a><a name=\"sub7593500_1_6\"></a><a name=\"配置_个人助理\"></a><span class=\"headline-content\">个人助理</span>\r\n</h3>\r\n<table class=\"zctable\">\r\n	<tbody>\r\n		<tr>\r\n			<td align=\"left\" valign=\"center\" width=\"157\">\r\n				<div class=\"para\">\r\n					闹钟\r\n				</div>\r\n			</td>\r\n			<td align=\"left\" valign=\"center\" width=\"479\">\r\n				<div class=\"para\">\r\n					支持\r\n				</div>\r\n			</td>\r\n		</tr>\r\n		<tr>\r\n			<td align=\"left\" valign=\"center\" width=\"156\">\r\n				<div class=\"para\">\r\n					计算器\r\n				</div>\r\n			</td>\r\n			<td align=\"left\" valign=\"center\" width=\"479\">\r\n				<div class=\"para\">\r\n					支持\r\n				</div>\r\n			</td>\r\n		</tr>\r\n		<tr>\r\n			<td align=\"left\" valign=\"center\" width=\"96\">\r\n				<div class=\"para\">\r\n					秒表\r\n				</div>\r\n			</td>\r\n			<td align=\"left\" valign=\"center\" width=\"479\">\r\n				<div class=\"para\">\r\n					支持\r\n				</div>\r\n			</td>\r\n		</tr>\r\n		<tr>\r\n			<td align=\"left\" valign=\"center\" width=\"96\">\r\n				<div class=\"para\">\r\n					记事本\r\n				</div>\r\n			</td>\r\n			<td align=\"left\" valign=\"center\" width=\"479\">\r\n				<div class=\"para\">\r\n					支持\r\n				</div>\r\n			</td>\r\n		</tr>\r\n		<tr>\r\n			<td align=\"left\" valign=\"center\" width=\"96\">\r\n				<div class=\"para\">\r\n					日程表\r\n				</div>\r\n			</td>\r\n			<td align=\"left\" valign=\"center\" width=\"479\">\r\n				<div class=\"para\">\r\n					支持\r\n				</div>\r\n			</td>\r\n		</tr>\r\n		<tr>\r\n			<td align=\"left\" valign=\"center\" width=\"96\">\r\n				<div class=\"para\">\r\n					单位换算\r\n				</div>\r\n			</td>\r\n			<td align=\"left\" valign=\"center\" width=\"479\">\r\n				<div class=\"para\">\r\n					支持\r\n				</div>\r\n			</td>\r\n		</tr>\r\n		<tr>\r\n			<td align=\"left\" valign=\"center\" width=\"96\">\r\n				<div class=\"para\">\r\n					世界时钟\r\n				</div>\r\n			</td>\r\n			<td align=\"left\" valign=\"center\" width=\"479\">\r\n				<div class=\"para\">\r\n					支持\r\n				</div>\r\n			</td>\r\n		</tr>\r\n		<tr>\r\n			<td align=\"left\" valign=\"center\" width=\"96\">\r\n				<div class=\"para\">\r\n					电子字典\r\n				</div>\r\n			</td>\r\n			<td align=\"left\" valign=\"center\" width=\"479\">\r\n				<div class=\"para\">\r\n					支持\r\n				</div>\r\n			</td>\r\n		</tr>\r\n		<tr>\r\n			<td align=\"left\" valign=\"center\" width=\"96\">\r\n				<div class=\"para\">\r\n					自动键盘锁\r\n				</div>\r\n			</td>\r\n			<td align=\"left\" valign=\"center\" width=\"479\">\r\n				<div class=\"para\">\r\n					支持\r\n				</div>\r\n			</td>\r\n		</tr>\r\n	</tbody>\r\n</table>\r\n<div class=\"para\">\r\n	<sup>[2]</sup><a name=\"ref_[2]_7593500\"></a>&nbsp;\r\n</div>\r\n<div class=\"anchor-list\">\r\n	<a name=\"2\"></a><a name=\"sub7593500_2\"></a><a name=\"特点\"></a>\r\n</div>\r\n<h2 class=\"headline-1\">\r\n	<span class=\"headline-1-index\">2</span><span class=\"headline-content\">特点</span><span class=\"text_edit editable-title\"><a href=\"http://baike.baidu.com/view/7626773.htm?from_id=11282065&amp;type=syn&amp;fromtitle=iphone5s&amp;fr=aladdin#\" class=\"nslog:1019\">编辑</a></span>\r\n</h2>\r\n<h3 class=\"headline-2\">\r\n	<a name=\"2_1\"></a><a name=\"sub7593500_2_1\"></a><a name=\"特点_外观\"></a><span class=\"headline-content\">外观</span>\r\n</h3>\r\n<div class=\"para\">\r\n	苹果iPhone 5s延续了上一代iPhone5的经典设计。但为了形成差异化，<a target=\"_blank\" href=\"http://baike.baidu.com/view/780972.htm\">Home键</a>的部位，去掉了中间的小方\r\n	<div class=\"text_pic layoutright\">\r\n		<a class=\"nslog:1199 use-picture-dialog\" href=\"http://baike.baidu.com/picture/7626773/7593500/0/32fa828ba61ea8d3aba21b69950a304e241f58de?fr=lemma&amp;ct=single\" target=\"_blank\"><span class=\"imgBorder\"></span></a>\r\n		<p class=\"pic-info\">\r\n			iPhone 5S\r\n		</p>\r\n	</div>\r\n块，整个样子非常平整，材质也采用了坚固的<a target=\"_blank\" href=\"http://baike.baidu.com/view/1095027.htm\">蓝宝石玻璃</a>设计。Home键的外侧拥有一圈感应光环，可以用来唤醒<a target=\"_blank\" href=\"http://baike.baidu.com/view/7245.htm\">指纹识别</a>。iPhone\r\n 5s还提供了深空灰色、银色、香槟金版本机身。尺寸方面，iPhone 5s手机尺寸为（长度、宽度、厚度）123.8mm ×58.6mm \r\n×7.6mm，重量为112克，和之前的iPhone 5基本保持一致。屏幕方面，苹果iPhone 5s搭载了4.0英寸的 <a target=\"_blank\" href=\"http://baike.baidu.com/view/980503.htm\">Multi-Touch</a> 显示器，配备Retina Display。分辨率为1136 × 640，像素密度达326 PPI。不同于以往<a target=\"_blank\" href=\"http://baike.baidu.com/view/710887.htm\">iPhone</a>的\r\n碳黑、白银两种颜色设计。iPhone \r\n5s同样配备了银白色版本，但取消了原碳黑色的版本，新增了金色和深空灰版本，iPhone5s的着色工艺仍然是在iPhone5上使用的阳极氧化铝着色\r\n工艺（Anodized \r\naluminium），在氧化铝的表面形成纳米级的微孔，通过电解作用将金属粒子着色粒子吸附进微孔，再通过水浴讲微孔封闭，这样铝合金就有了各种各样的\r\n颜色了，好处是在得到不同颜色的同时提高了铝合金强度，另外封在内部的着色粒子也不会轻易掉色。但是缺点是，成本高，二是可选择的颜色很少。并且颜色越\r\n深，稳定性越差，黑色理论上（着色）是最难的一种。所以iPhone5s采用的颜色是深空灰而不是黑色。原因应该就是灰色相对于黑色而言，着色难度没那么\r\n高，稳定性更好，不会太容易掉色。<sup>[3]</sup><a name=\"ref_[3]_7593500\"></a>&nbsp;\r\n</div>\r\n<h3 class=\"headline-2\">\r\n	<a name=\"2_2\"></a><a name=\"sub7593500_2_2\"></a><a name=\"特点_处理器\"></a><span class=\"headline-content\">处理器</span>\r\n</h3>\r\n<div class=\"para\">\r\n	iPhone 5s相比之前的iPhone系列产品，最大的变化是搭载了苹果公司最新的A7的<a target=\"_blank\" href=\"http://baike.baidu.com/view/50152.htm\">处理器</a>以及M7运\r\n	<div class=\"text_pic layoutright\">\r\n		<a class=\"nslog:1199 use-picture-dialog\" href=\"http://baike.baidu.com/picture/7626773/7593500/0/2fdda3cc7cd98d10e920a8fd203fb80e7aec9002?fr=lemma&amp;ct=single\" target=\"_blank\"><span class=\"imgBorder\"></span></a>\r\n		<p class=\"pic-info\">\r\n			iphone5sA7 处理器\r\n		</p>\r\n	</div>\r\n动协<a target=\"_blank\" href=\"http://baike.baidu.com/view/50152.htm\">处理器</a>。CPU/GPU性能均比<a target=\"_blank\" href=\"http://baike.baidu.com/view/4335870.htm\">iPhone 5</a>的A6快2倍，<a target=\"_blank\" href=\"http://baike.baidu.com/view/1196.htm\">GPU</a>方面A7集成四核心PowerVR G6430，A7也是首款集成此核心的<a target=\"_blank\" href=\"http://baike.baidu.com/view/2089.htm\">CPU</a>，支持OpenGL ES 3.0。A7亦是首款被用于智能手机上的ARM架构64位处理器，采用28纳米HKMG工艺。CPU/GPU性能均比iPhone 5的A6快2倍，CPU性能是初代iPhone的40倍，GPU性能则是初代的56倍。\r\n</div>\r\n<div class=\"para\">\r\n	苹果还为A7处理器增加了协处理器M7，M7其实是一块NXP LPC18A1，是以ARM Cortex-M3为基础开发的LPC1800系列的一员，专门用来处理来自重力加速器，<a target=\"_blank\" href=\"http://baike.baidu.com/view/58048.htm\">陀螺仪</a>，<a target=\"_blank\" href=\"http://baike.baidu.com/view/4182.htm\">指南针</a>这三类数据，\r\n	<div class=\"text_pic layoutright\">\r\n		<a class=\"nslog:1199 use-picture-dialog\" href=\"http://baike.baidu.com/picture/7626773/7593500/0/c2fdfc039245d688e8ff1668a5c27d1ed31b2478?fr=lemma&amp;ct=single\" target=\"_blank\"><span class=\"imgBorder\"></span></a>\r\n		<p class=\"pic-info\">\r\n			搭载协处理器M7\r\n		</p>\r\n	</div>\r\niPhone 5s推出之前这些数据都是由CPU处理的，从而导致CPU频率升高而无法一直采集数据，而如果交给低频率的M7来处理则可以在<a target=\"_blank\" href=\"http://baike.baidu.com/view/2089.htm\">CPU</a>休眠（既屏幕关闭时）时采集数据判断运动状态，它能全天的判断用户在步行还是在开车或是在睡觉，根据状态对系统做出调整如开车时不自动加入新<a target=\"_blank\" href=\"http://baike.baidu.com/view/43867.htm\">WIFI</a>。\r\n</div>\r\n<h3 class=\"headline-2\">\r\n	<a name=\"2_3\"></a><a name=\"sub7593500_2_3\"></a><a name=\"特点_Touch ID\"></a><span class=\"headline-content\">Touch ID</span>\r\n</h3>\r\n<div class=\"para\">\r\n	Touch\r\nID，新的Home键表面是激光切割的蓝宝石水晶，按键周围是一圈不锈钢检测环，下层为电容式单点触摸传感器，更底层是轻触式开关。蓝宝石玻璃\r\n(SAPPHIRE \r\nCRYSTAL)一般是指人工合成的蓝宝石，可以通过添加各种化学元素，生成各种颜色，比较常用的是无色的。它的优点较普通玻璃硬度更高，价格也相对较\r\n高。\r\n</div>\r\n<div class=\"para\">\r\n	蓝宝石是刚玉宝石中除红色的红宝石之外其它颜色刚玉宝石的通称，主要成分是氧化铝（Al2O3），因含微量元素钛\r\n（Ti4+）或铁（Fe2+）而呈蓝色。属三方晶系，晶体形态常呈筒状、短柱状、板状等，几何体多为粒状或致密块状。透明至半透明，玻璃光泽。蓝宝石原石\r\n折光率1.76-1.77，双折射率0.008，二色性强。非均质体。有时具有特殊的光学效应-星光效应。硬度为9，仅次于钻石，密度3.95-4.1克\r\n/立方厘米。<sup>[3]</sup><a name=\"ref_[3]_7593500\"></a>&nbsp;\r\n</div>\r\n<div class=\"para\">\r\n	<b><br />\r\n</b>\r\n</div>\r\n<h3 class=\"headline-2\">\r\n	<a name=\"2_4\"></a><a name=\"sub7593500_2_4\"></a><a name=\"特点_摄像头\"></a><span class=\"headline-content\">摄像头</span>\r\n</h3>\r\n<div class=\"para\">\r\n	iPhone 5s仍然配备800万像素<a target=\"_blank\" href=\"http://baike.baidu.com/view/16175.htm\">摄像头</a>，使用的是来自索尼定制IMX145系列的CMOS感光原件,具有f2.2光圈、全新的True Tone双色温闪光灯。单个像素尺寸提升为1.5微米，传感器面积比之前<a target=\"_blank\" href=\"http://baike.baidu.com/view/4335870.htm\">iPhone 5</a>上的大了15%。支持拍摄分辨率为3264×2448的照片。iPhone 5s还支持全景拍摄，全景照片可达2800万像素。iPhone 5s的摄像头也支持拍摄1080P视频、慢动作视频。\r\n</div>\r\n<div class=\"para\">\r\n	iPhone5s支持每秒10张的全尺寸连拍，每秒钟要处理8000万像素的信息，100张就是8亿像素。最高支持\r\n999张连拍，并且一边连拍一边自动调节测光。苹果的图像ISP（Image Signal \r\nProcessor图像处理器）是集成在SOC（System on Chip系统级芯片 ）里面的几乎是完全定制的，外界根本查不到它的资料。\r\n</div>\r\n<div class=\"para\">\r\n	另外iiPhone5s支持120fps，720p高速摄像。\r\n</div>\r\n<h3 class=\"headline-2\">\r\n	<a name=\"2_5\"></a><a name=\"sub7593500_2_5\"></a><a name=\"特点_电池续航\"></a><span class=\"headline-content\">电池续航</span>\r\n</h3>\r\n<div class=\"para\">\r\n	由于iPhone 5s采用A7处理器+M7运动协处理器，使得iPhone 5s在部分情况下比iPhone 5省电。同时iPhone 5s还配备了1570mAh的电池。据官方描述，待机时间从225小时提升到250小时。\r\n</div>\r\n<h3 class=\"headline-2\">\r\n	<a name=\"2_6\"></a><a name=\"sub7593500_2_6\"></a><a name=\"特点_4G网络\"></a><span class=\"headline-content\">4G网络</span>\r\n</h3>\r\n<div class=\"para\">\r\n	据内部人士称，电信版系统可随时升级支持<a target=\"_blank\" href=\"http://baike.baidu.com/view/2194787.htm\">4G网络</a>，移动4G版本已于1月17日正式上线。<sup>[4]</sup><a name=\"ref_[4]_7593500\"></a>&nbsp;\r\n</div>\r\n<h3 class=\"headline-2\">\r\n	<a name=\"2_7\"></a><a name=\"sub7593500_2_7\"></a><a name=\"特点_快速拍照\"></a><span class=\"headline-content\">快速拍照</span>\r\n</h3>\r\n<div class=\"para\">\r\n	iPhone 5S相机和相机App都有一些创新，在锁屏的右下角有一个照相机图标，打开照相机App。如果急着拍照，机身左边的音量按钮也可以作为快门按钮，所以拍照时只需按住快门键或者音量键可以每秒连拍10张照片。\r\n</div>\r\n<h3 class=\"headline-2\">\r\n	<a name=\"2_8\"></a><a name=\"sub7593500_2_8\"></a><a name=\"特点_免费软件\"></a><span class=\"headline-content\">免费软件</span>\r\n</h3>\r\n<div class=\"para\">\r\n	iPhone 5S推出了一系列免费的办公App包括<a target=\"_blank\" href=\"http://baike.baidu.com/view/1132022.htm\">Pages</a>，<a target=\"_blank\" href=\"http://baike.baidu.com/view/1135225.htm\">Numbers</a>，<a target=\"_blank\" href=\"http://baike.baidu.com/view/616839.htm\">Keynote</a>。除传统的办公三件套外，视频剪辑软件<a target=\"_blank\" href=\"http://baike.baidu.com/view/56084.htm\">iMovie</a>和图片编辑软件iPhoto也全部免费。\r\n</div>\r\n<h3 class=\"headline-2\">\r\n	<a name=\"2_9\"></a><a name=\"sub7593500_2_9\"></a><a name=\"特点_地图导航\"></a><span class=\"headline-content\">地图导航</span>\r\n</h3>\r\n<div class=\"para\">\r\n	苹果地图<a target=\"_blank\" href=\"http://baike.baidu.com/subview/132427/8069632.htm\">App</a>也做了很大的升级，太阳落山时全新的夜间模式便自动打开了，使用3D图标切换到鸟瞰模式，并使用两个手指倾斜旋转视图。到达一个具体地点后，可以借助地点名称旁的快速路径按钮进行到另一个地点的导航。地理位置也可通过<a target=\"_blank\" href=\"http://baike.baidu.com/view/6214743.htm\">AirDrop</a>， <a target=\"_blank\" href=\"http://baike.baidu.com/view/118321.htm\">Mail</a>，<a target=\"_blank\" href=\"http://baike.baidu.com/view/4812442.htm\">Messages</a>.以及社交媒体分享。\r\n</div>\r\n<h3 class=\"headline-2\">\r\n	<a name=\"2_10\"></a><a name=\"sub7593500_2_10\"></a><a name=\"特点_拍摄慢视频\"></a><span class=\"headline-content\">拍摄慢视频</span>\r\n</h3>\r\n<div class=\"para\">\r\n	“慢\r\n动作” 视频拍摄是拍照功能的一大进步，进入Camera App，向右滑动两次就进入“慢动作”拍摄模式了。点击左下方的视频缩略图，在“相机胶卷” \r\n下面可以自由拖动时间轴来确定慢动作开始和结束的时间点，这可以把用户拍摄的东西制造出戏剧性的效果，如果在海边拍摄浪花冲击或者倒水的动作效果会特别明\r\n显。\r\n</div>\r\n<h3 class=\"headline-2\">\r\n	<a name=\"2_11\"></a><a name=\"sub7593500_2_11\"></a><a name=\"特点_Siri\"></a><span class=\"headline-content\">Siri</span>\r\n</h3>\r\n<div class=\"para\">\r\n	<div class=\"text_pic layoutright\">\r\n		<a class=\"nslog:1199 use-picture-dialog\" href=\"http://baike.baidu.com/picture/7626773/7593500/0/8644ebf81a4c510f31e0b4776259252dd42aa5b3?fr=lemma&amp;ct=single\" target=\"_blank\"><span class=\"imgBorder\"></span></a>\r\n		<p class=\"pic-info\">\r\n			Siri功能\r\n		</p>\r\n	</div>\r\n</div>\r\n<div class=\"para\">\r\n	<a target=\"_blank\" href=\"http://baike.baidu.com/subview/6573497/7996501.htm\">Siri</a>功能提高了，不用长按Home键来进入Siri。Siri的发音有3个国家的英语发音可供用户选择。用户也可以告诉Siri打开或关掉WiFi设置，或者要它到<a target=\"_blank\" href=\"http://baike.baidu.com/view/409608.htm\">FaceBook</a>更新一条消息。<sup>[5]</sup><a name=\"ref_[5]_7593500\"></a>&nbsp;\r\n</div>\r\n<h3 class=\"headline-2\">\r\n	<a name=\"2_12\"></a><a name=\"sub7593500_2_12\"></a><a name=\"特点_操作技巧\"></a><span class=\"headline-content\">操作技巧</span>\r\n</h3>\r\n<div class=\"para\">\r\n	<b>充电</b>\r\n</div>\r\n<div class=\"para\">\r\n	USB连接电脑可以充电，但是在使用状态下显示不在充电，锁屏状态下在缓慢充电，也可以充满。\r\n</div>\r\n<div class=\"para\">\r\n	<b>屏幕旋转</b>\r\n</div>\r\n<div class=\"para\">\r\n	双击Home键，将底部后台管理向右滑动至播放器控制那一栏，点击左侧按钮，出现锁的符号，表示屏幕此时已锁定。\r\n</div>\r\n<div class=\"para\">\r\n	<b>死机</b>\r\n</div>\r\n<div class=\"para\">\r\n	长按开机电源键和【Home】键，一直按，按到关机的红色滑块出现，关机，重启，有时候重启的时间会长一点，耐心等待。如果一直开不起来，那就是传说中的白苹果了，需要另外的解决方法了。\r\n</div>\r\n<div class=\"para\">\r\n	<b>编辑文本</b>\r\n</div>\r\n<div class=\"para\">\r\n	点击任何可编辑的文本2次，出现高亮区域选择，可进行剪切，复制和粘贴的功能。\r\n</div>\r\n<div class=\"para\">\r\n	<b>设置静音</b>\r\n</div>\r\n<div class=\"para\">\r\n	按住下调音量按钮并且保持2-3秒钟，iPhone5S将会变为静音模式。\r\n</div>\r\n<div class=\"anchor-list\">\r\n	<a name=\"3\"></a><a name=\"sub7593500_3\"></a><a name=\"发售\"></a>\r\n</div>\r\n<h2 class=\"headline-1\">\r\n	<span class=\"headline-1-index\">3</span><span class=\"headline-content\">发售</span><span class=\"text_edit editable-title\"><a href=\"http://baike.baidu.com/view/7626773.htm?from_id=11282065&amp;type=syn&amp;fromtitle=iphone5s&amp;fr=aladdin#\" class=\"nslog:1019\">编辑</a></span>\r\n</h2>\r\n<div class=\"para\">\r\n	<b>2013年9月20日</b>\r\n</div>\r\n<div class=\"para\">\r\n	首批开卖，国家共有九个。包括美国、澳大利亚、加拿大、<a target=\"_blank\" href=\"http://baike.baidu.com/view/61891.htm\">中国</a>(包括<a target=\"_blank\" href=\"http://baike.baidu.com/view/2607.htm\">香港</a>)、法国、德国、日本、新加坡、英国。<sup>[6]</sup><a name=\"ref_[6]_7593500\"></a>&nbsp;\r\n</div>\r\n<div class=\"para\">\r\n	<b>2013年10月25日</b>\r\n</div>\r\n<div class=\"para\">\r\n	34个国家和地区。包括奥地利、比利时、保加利亚、克罗地亚、捷克、丹麦、爱沙尼亚、芬兰、法属西印度群岛、希腊、\r\n匈牙利、爱尔兰、意大利、拉脱维亚、列支敦士登、立陶宛、卢森堡、澳门、马耳他、荷兰、新西兰、挪威、波兰、葡萄牙、留尼汪岛、罗马尼亚、俄罗斯、斯洛伐\r\n克、斯洛文尼亚、韩国、西班牙、瑞典、瑞士、中国台湾和泰国。\r\n</div>\r\n<div class=\"para\">\r\n	<b>2013年11月1日</b>\r\n</div>\r\n<div class=\"para\">\r\n	包括：阿尔巴尼亚、亚美尼亚、巴林、哥伦比亚、萨尔瓦多、关岛、危地马拉、印度、马其顿、马来西亚、墨西哥、摩尔多瓦、黑山，沙特阿拉伯、土耳其和阿联酋。<sup>[7]</sup><a name=\"ref_[7]_7593500\"></a>&nbsp;\r\n</div>\r\n<div class=\"para\">\r\n	<b>2013年底、2014年初</b>\r\n</div>\r\n<div class=\"para\">\r\n	已登录全球200多个国家、地区\r\n</div>\r\n<div class=\"para\">\r\n	<b>iPhone 5s金色版被炒到1万元以上</b>\r\n</div>\r\n<div class=\"para\">\r\n	iPhone 5s首发第二日，虽然在北京首发地没有出现黄牛炒货的现象。不过在南京丹凤街手机一条街上，黄牛手中苹果5s金色版已经被炒到9000~10000元以上，而银色和灰色的苹果5s均价要比零售价多加800元才买得到。<sup>[8]</sup><a name=\"ref_[8]_7593500\"></a>&nbsp;\r\n</div>\r\n<div class=\"para\">\r\n	新闻iPhone 5s、5c首周末销售量突破900万台\r\n</div>\r\n<div class=\"para\">\r\n	北京时间2013年9月23日，美国<a target=\"_blank\" href=\"http://baike.baidu.com/view/15181.htm\">苹果公司</a>周一公布了iPhone 5s和iPhone 5c的首周末销量。在发售后的首个周末，iPhone 5s和<a target=\"_blank\" href=\"http://baike.baidu.com/view/10817151.htm\">iPhone 5c</a>共售出了900万台。苹果公司并未公布这两款手机分别的销量，但有迹象表明，iPhone 5s在发售初期的销量好于iPhone 5c。<sup>[9]</sup><a name=\"ref_[9]_7593500\"></a>&nbsp;<br />\r\n中国联通宣布于2013年9月20日（周五）起在中国大陆率先推出iPhone全系列新产品，包含iPhone 5s--世界上最超前的智能手机，iPhone 5c--迄今最炫最酷的手机。<sup>[10]</sup><a name=\"ref_[10]_7593500\"></a>&nbsp;\r\n</div>\r\n<div class=\"para\">\r\n	<b>普京版</b>\r\n</div>\r\n<div class=\"para\">\r\n	2014年6月25日，\r\n	<div class=\"text_pic layoutright\">\r\n		<a class=\"nslog:1199 use-picture-dialog\" href=\"http://baike.baidu.com/picture/7626773/7593500/0/95eef01f3a292df5faf4e2ccbe315c6034a87337?fr=lemma&amp;ct=single\" target=\"_blank\"><span class=\"imgBorder\"></span><br />\r\n</a>\r\n	</div>\r\n意大利豪华手机品牌Caviar限量推出了一款黄金的“普京版iPhone5S”，手机背面有俄罗斯总统普京的头像。<sup>[11</sup> <br />\r\n</div>\r\n<div class=\"para\">\r\n	手机由18开黄金打造而成。这款手机主要针对“社会顶层”消费群体，普京是新一代的象征，是有着意志和决心的领导人，如果俄罗斯人买了这种手机，那将是“爱国主义的最好表达”。\r\n</div>\r\n<div class=\"para\">\r\n	“是时候旗帜鲜明的感受真正的自豪感了”，该企业一名工作人员为其产品宣传道。报道还称，该品牌此前已推出达芬奇版、拳王阿里版、乔布斯版等多款黄金名人手机。<sup>[11]</sup>\r\n</div>\r\n<div class=\"anchor-list\">\r\n	<br />\r\n</div>\r\n<h2 class=\"headline-1\">\r\n	<span class=\"headline-1-index\">4</span><span class=\"headline-content\">评论</span><span class=\"text_edit editable-title\"><a href=\"http://baike.baidu.com/view/7626773.htm?from_id=11282065&amp;type=syn&amp;fromtitle=iphone5s&amp;fr=aladdin#\" class=\"nslog:1019\">编辑</a></span>\r\n</h2>\r\n<div class=\"para\">\r\n	<b>2013年度最具创新力十大设备之一</b>\r\n</div>\r\n<div class=\"para\">\r\n	美国知名科技媒体《商业内幕》就在2013年行将结束之际整理出了“本年度最具创新力的十大设备”，iPhone \r\n5S位列其中，iPhone 5S可以说是史上首部将指纹识别技术运用到极致的智能手机。苹果内置的指纹识别技术名为Touch \r\nID，指纹感应模块被完全安置在Home键内部，用户所需要做的就是将手指放在Home键上即可，完全不拖泥带水。<sup>[12]</sup>\r\n</div>\r\n<div class=\"para\">\r\n	<b>A7处理器运算快</b>\r\n</div>\r\n<div class=\"para\">\r\n	AnandTech CEO 阿南德称：iPhone 5S及其新款A7处理器的性能似乎至少比iPhone \r\n5所用A6芯片快两倍。双核A7是目前测试过的、在Sun Spyder中最快的系统级芯片，甚至超过了高通的Snapdragon \r\n800和ARM的Cortex A15。<sup>[13]</sup>\r\n</div>\r\n<div class=\"para\">\r\n	<b>iPhone 5s应用程序崩溃率高</b>\r\n</div>\r\n<div class=\"para\">\r\n	与iPhone 5c或iPhone 5手机相比，新款iPhone \r\n5s手机上的应用程序崩溃率明显要高出很多。Crittercism指出，自从最新款手机首次面世以来，数以百万计的应用程序纷纷推出适用最新型\r\niPhone手机的版本，其中2%的应用在iPhone 5s上出现崩溃，相比之下，iPhone 5c和<a target=\"_blank\" href=\"http://baike.baidu.com/view/4335870.htm\">iPhone 5</a>手机的应用崩溃率仅为1%。原因很可能是由于其64位操作系统和原本的一些应用程序不兼容造成。不过，苹果发现这个问题以后立即对iOS 7发布了系统更新，大部分开发者也升级了他们的应用程序，兼容64位操作系统。\r\n</div>','pro','1406766606');
